{"horiz": 13, "ymin": 0.31000000000000005, "xmin": 0.010000000000000002, "vert": 12, "xmax": 0.11000000000000001, "ymax": 0.5700000000000001}