{"horiz": 13, "vert": 12, "xmin": 4.440892098500626e-16, "xmax": 1.0, "ymin": 0.0, "ymax": 1.0000000000000002}