{"horiz": 13, "vert": 12, "xmin": 4.440892098500626e-16, "xmax": 1.0, "ymin": 0.3400000000000001, "ymax": 0.6600000000000001}