{"horiz": 12, "vert": 13, "xmin": 0.40000000000000024, "xmax": 0.5800000000000002, "ymin": 0.4800000000000002, "ymax": 0.6800000000000002}