{"horiz": 13, "vert": 12, "xmin": 0.4200000000000003, "xmax": 0.7200000000000002, "ymin": 0.3400000000000001, "ymax": 0.6200000000000001}